"country","probability_hospitall","probability_hospital","probability_hospitalu"
"Kenya",0.0948048241787955,0.36724483865191,0.829793251069977
"Tanzania",0.051722531082432,0.233039807906305,0.689557630569918
"Uganda",0.0845496722197221,0.256199339440961,0.55696480605416
