"country","probability_hospitall","probability_hospital","probability_hospitalu"
"Kenya",0.110696043581183,0.302545319228111,0.636392309580307
"Tanzania",0.0716508092974081,0.226792966873661,0.543564808836432
"Uganda",0.0989323741963461,0.246948838642573,0.474215742347531
