"country","probability_hospitall","probability_hospital","probability_hospitalu"
"Kenya",0.127106710225287,0.298907030564117,0.589299989870362
"Tanzania",0.0788208101654804,0.22607859055019,0.551614583278014
"Uganda",0.106537311464068,0.242839711216995,0.476898431679876
