"country","severe_recognisedl","severe_recognised","severe_recognisedu","probability_hospitall","probability_hospital","probability_hospitalu","proportion_no_hospl","proportion_no_hosp","proportion_no_hospu"
"Kenya",0.193098664192455,0.314114764880499,0.459399588355178,0.204200681616052,0.442909680004991,0.803986491330152,0.720931626926556,0.863383498208259,0.94204972200958
"Tanzania",0.193098664192455,0.314114764880499,0.459399588355178,0.104529724763248,0.317504800137744,0.643811925505869,0.780257829868347,0.901601634442328,0.96904135145057
"Uganda",0.193098664192455,0.314114764880499,0.459399588355178,0.124843913097666,0.344967644333392,0.645721540442212,0.78286479554358,0.89486931621239,0.964083782664277
