"country","probability_hospitall","probability_hospital","probability_hospitalu"
"Kenya",0.0747725978046784,0.289333390842581,0.767358010366854
"Tanzania",0.0440579458020313,0.197417368782746,0.600503739951007
"Uganda",0.0692840952008408,0.217471575390071,0.516301741946889
