"country","probability_hospitall","probability_hospital","probability_hospitalu"
"Kenya",0.159512918459806,0.325129765205113,0.60707778776484
"Tanzania",0.0824476807829267,0.240145098776915,0.532891872263298
"Uganda",0.117591395121415,0.247918994857766,0.505901982612141
