"country","probability_hospitall","probability_hospital","probability_hospitalu"
"Kenya",0.0551984255963893,0.188558359378325,0.463796695536256
"Tanzania",0.0376268819454113,0.173352357740942,0.555879843483932
"Uganda",0.054668939525089,0.161501511380019,0.433269176916917
